title,is_spam
Where we can check the ICAI CA final result May 2024?,0
When will ICAI result May 2024 will be declared?,0
What are the details mentioned in the CA Final 2024 result?,0
What are the official websites to check the CA Final result?,0
What is the passing marks of CA Final?,0
,
When will CAT 2024 notification be released?,0
When can I apply for CAT exam 2024? What is the CAT registration fee?,0
Is CAT exam compulsory for MBA?,0
How much does a CAT exam cost?,0
What is the difference between a CAT registration and an application form?,0
Is CAT held twice a year?,0
Is CAT registration started? What are the documents required for CAT application form?,0
How to edit CAT application form after submission?,0
When ICAI CA Foundation exam result will be declared?,0
Is it ok to fail in CA Foundation?,0
Can I crack CA Foundation in 15 days?,0
Can I access NIOS hall tickets without an enrollment number?,0
What to do if I have forgotten my enrollment number?,0
How long should a candidate retain NIOS Admit Card?,0
Can I apply for a new exam centre?,0
Is NIOS admit card April 2024 the same for practical and theory exams?,0
,0
What should I do if the two exam dates are being clashed in NIOS 10th date sheet 2024?,0
When will the NIOS 10th exams 2024 be held?,0
When will NIOS on-demand exams be held?,0
What is the cutoff for CA Foundation?,0
,
What is the cut off for DU 2024?,0
What are the cut off marks for Hansraj College 2024?,0
Which of the colleges are the top DU colleges based on their popularity and cut off?,0
What’s the expected DU cut off 2024 for admission to B.Com (H) at SRCC for unreserved category?,0
"I want to know the Kirori Mal College expected cutoff 2024 for B.A. (H) English, EWS category?",0
When will DU second cutoff 2024 be out?,0
What’s the expected DU cut off 2023 for admission to B.Com (H) at SRCC for unreserved category?,0
How can I apply for SSC JE 2025?,0
Who can apply for SSC JE 2025?,0
How many posts are there in SSC JE 2025?,0
What is SSC je salary?,0
Will the questions in the sample papers of JAM be similar to the question paper of JAM?,0
Is there any age limit to appear for IIT JAM 2021?,0
How many seats are offered for IIT JAM 2021?,0
"Is there any possibility of changing my ""Programme Choices"" after submitting the application?",0
How many admission lists for IIT JAM 2021 will be released?,0
"While filling the JAM 2021 admission form, how many preferences can I add?",0
How can I add records in the section which asks for 'Qualifying Degree Academic Details & Documents'?,0
What shall I upload in my class Xand XII certificate fields?,0
How can I check my eligibility for a course related to IIT JAM?,0
Can a BSC general student appear in IIT JAM?,0
What is the maximum age limit to appear in the exam as per IIT JAM eligibility?,0
What percentage of marks do I need to get in my graduation to appear in IIT JAM if I belong to the OBC category?,0
What is the age limit to appear in the IIT JAM?,0
When will the IIT JAM application form 2025 be released?,0
What documents are required to fill out the JAM 2025 form?,0
Can I apply for two test papers from the IIT JAM 2024 application form?,0
When can I expect CFA Level 3 results?,0
How many people clear CFA Level 3?,0
Where can candidates obtain the CFA level 3 result?,0
,
,
Is the RRB Ranchi JE cutoff declared separately for the two stages of the examination?,0
How can I check my RRB Ranchi JE result?,0
Does RRB release the scorecard for the RRB JE examination?,0
Where can I download RRB JE previous years question papers?,0
,
When will the registration process of CAT 2021 begin? and when cat exam held in 2021,0
What is the difference between CAT score and CAT percentile?,0
How much is the CAT exam fee?,0
How to get admission in IIM Ahmedabad? Is CAT compulsory for MBA?,0
What is the last date for CAT registration 2024? or What is the last date for CAT registration?,0
How to fill CAT form 2024?,0
What are the passing marks for CA final exam?,0
Do your 12th standard marks matter in CA final exam?,0
How many CA in India?,0
Why CA  pass percentage is low?,0
How many students clear CA in first attempt?,0
I have missed a print-out of my ONLINE application at the end of my application process. How will I get access to it?,0
How to apply for GATE 2025?,0
Can one email address be used to fill multiple application forms of GATE 2025?,0
Only SC/ST/PwD candidates have been asked to upload the category certificates. What about the OBC (non-creamy layer) candidates? Do they have to upload the category certificate too?,0
How to make the fee payment for GATE 2025?,0
Net banking account has been debited more than once. How do I get the money back?,0
How much is GATE application fee?,0
What is the age limit to apply for CAT entrance exam 2021?,0
How should I know if I belong to the NC-OBC category?,0
CAT exam is required for what? and what is CAT exam for MBA?,0
How many rounds CAP 2021 will consist of?,0
What if I do not qualify in CAT 2021? Can I re-apply?,0
What is the CAT registration fee for OBC/ SC/ ST/ PwD/ General?,0
What is the eligibility criteria for CAT 2021?,0
What is the time duration of the CAT 2021 exam?,0
How many students will be selected for admission in Sainik School Chhingchhip for Class 6?,0
When will medical exams be held?,0
What are all the sections available in the CAT exam syllabus?,0
What is the mode and marking scheme of the CAT exam?,0
When will the results of IIT JAM 2024 be released? Will the scorecard be emailed?,0
Will I receive my IIT JAM 2024 scorecard through mail?,0
Where will the results of IIT JAM 2024 be announced?,0
When will the  IIT JAM 2024 scorecard be released?,0
How to check the IIT JAM result 2024?,0
